{
    "vertices": [-0.643408,2.19281,-0.403027,-0.643408,-0.044125,-0.403027,-0.643408,-0.044125,0.335723,-0.643408,2.19281,0.335724,0.000174,-0.044125,0.335723,0.000174,2.19281,0.335724,0.000174,-0.044125,-0.403027,0.000174,2.19281,-0.403027],
    "faces": [40,0,1,2,0,1,2,0,1,2,40,0,2,3,0,2,3,0,2,3,40,3,2,4,4,5,6,3,2,4,40,3,4,5,4,6,7,3,4,5,40,5,4,6,8,9,10,5,4,6,40,5,6,7,8,10,11,5,6,7,40,7,6,1,12,13,14,7,6,1,40,1,0,7,14,15,12,1,0,7,40,0,5,7,16,17,18,0,5,7,40,0,3,5,16,19,17,0,3,5,40,1,4,2,20,21,22,1,4,2,40,1,6,4,20,23,21,1,6,4],
    "uvs": [[0.244024,0.26596,0.244024,0.097884,0.314973,0.097884,0.314973,0.26596,0.024003,0.265884,0.024003,0.097566,0.095431,0.097566,0.095431,0.265884,0.097379,0.266005,0.097379,0.097501,0.168376,0.097501,0.168376,0.266005,0.170444,0.265714,0.170837,0.09773,0.242212,0.09773,0.241819,0.265714,0.180092,0.316498,0.220787,0.275802,0.220787,0.316498,0.180092,0.275802,0.151558,0.04712,0.11771,0.080967,0.151558,0.080967,0.11771,0.04712]],
    "normals": [-0.577349,0.577349,-0.577349,-0.577349,-0.577349,-0.577349,-0.577349,-0.577349,0.577349,-0.577349,0.577349,0.577349,0.577349,-0.577349,0.577349,0.577349,0.577349,0.577349,0.577349,-0.577349,-0.577349,0.577349,0.577349,-0.577349],
    "name": "Duplicate2Geometry",
    "metadata": {
        "type": "Geometry",
        "generator": "io_three",
        "version": 3,
        "vertices": 8,
        "normals": 8,
        "uvs": 1,
        "faces": 12
    }
}